{"accuracy": [0.09484139829874039, 0.18519705533981323, 0.269464910030365, 0.3755206763744354, 0.46171098947525024, 0.5789811015129089, 0.7039410471916199, 0.7984620332717896, 0.8811278343200684, 0.9138096570968628, 0.944889485836029, 0.9567446112632751, 0.9714835286140442, 0.9823774695396423, 0.9881448149681091, 0.9897468686103821], "loss": [3.1201915740966797, 2.710392951965332, 2.350433826446533, 2.039030075073242, 1.7495702505111694, 1.3721579313278198, 0.9432912468910217, 0.6338927745819092, 0.38508960604667664, 0.2729218304157257, 0.19485820829868317, 0.1475304663181305, 0.10565396398305893, 0.07414478063583374, 0.04728612303733826, 0.04269954189658165], "val_accuracy": [0.16524216532707214, 0.32193732261657715, 0.4871794879436493, 0.6153846383094788, 0.7094017267227173, 0.8290598392486572, 0.9059829115867615, 0.9430199265480042, 0.9544159770011902, 0.9487179517745972, 0.9629629850387573, 0.9629629850387573, 0.9686609506607056, 0.9601139426231384, 0.9658119678497314, 0.9686609506607056], "val_loss": [2.707927942276001, 2.1481101512908936, 1.7325736284255981, 1.334552526473999, 0.9585601091384888, 0.688511312007904, 0.41011887788772583, 0.24940373003482819, 0.27912214398384094, 0.25303003191947937, 0.21496093273162842, 0.1886589229106903, 0.23734331130981445, 0.2513682246208191, 0.21046704053878784, 0.23322813212871552]}